ind,Pycnonotus_cafer,TSPS,Pycnonotus_luteolus
MEBA01,0.6666666666666666,0,0
MEBA04,0,0.16666666666666666,0
MEBA09,0,0,0.16666666666666666
